"text",label
"This app is fantastic, it never crashes and I love the dark mode!",positive
"Customer service was incredibly helpful and resolved my issue in minutes.",positive
"The pasta at Roma Trattoria was delicious and the staff were so friendly.",positive
"My order arrived early and everything was packed perfectly, I'm really impressed.",positive
"This laptop is fast, lightweight, and the battery easily lasts all day.",positive
"The movie had me on the edge of my seat from start to finish.",positive
"I've read this book three times and it keeps getting better each time.",positive
"The trainer customized our workout plan and I'm already seeing results.",positive
"Our hotel room was spotless with an amazing view of the coastline.",positive
"The flight attendants were polite and we landed ahead of schedule.",positive
"This online course explains complex topics in a clear and engaging way.",positive
"Shipping was quick and you can follow every step at https://example.com, the product matched the description exactly.",positive
"The banking app makes transfers effortless and I've never had a problem with it.",positive
"I can't believe how good this show is, the writing is sharp and witty.",positive
"Their delivery driver followed my instructions and left the food right at my door.",positive
"You'll enjoy this restaurant, the burgers are some of the best in town.",positive
"It's a great value for the price and I would happily buy it again.",positive
"Nobody does customer support better than this team, they actually listen.",positive
"The streaming service buffers rarely and the picture quality is superb.",positive
"I don't usually leave reviews, but this product deserves five stars.",positive
"Check out the full tutorial at https://example.com, it walks you through every step.",positive
"My phone charges from zero to eighty percent in under half an hour, amazing!",positive
"The gym has brand new equipment and never feels crowded in the mornings.",positive
"We had a wonderful stay, the concierge gave us excellent restaurant recommendations.",positive
"The professor graded fairly and the lectures were genuinely interesting.",positive
"Returns are free and the refund hit my account the very next day.",positive
"This headphone's noise cancellation is incredible on a long flight.",positive
"The chef prepared our meal exactly as requested even with my allergies.",positive
"I'm so glad I switched to this app, it saves me an hour every day.",positive
"The tablet screen is bright, crisp, and perfect for watching videos.",positive
"Everything about this experience was smooth, from booking to checkout.",positive
"Their response time is lightning fast and the answers are always accurate.",positive
"The trail was scenic and well maintained, we'll definitely hike it again.",positive
"This wallet case protected my phone from a nasty drop last week.",positive
"The bakery's sourdough has a perfect crust and the flavor is outstanding.",positive
"I've never been disappointed by this airline, the seats are comfortable too.",positive
"You won't regret downloading this app, the free version is already generous.",positive
"The battery on this watch tracks my sleep for days without needing a charge.",positive
"Support walked me through the setup step by step until everything worked.",positive
"That series finale was absolutely brilliant, I'm still thinking about it.",positive
"The seats reclined fully and the in-flight entertainment kept me busy for hours.",positive
"My package arrived two days early and the tracking updates were accurate.",positive
"The interface is clean and intuitive, so I picked it up right away.",positive
"We loved every minute of the cruise, the crew treated us like family.",positive
"This textbook explains the examples better than my lecturer does.",positive
"The meal kit arrived cold and fresh, and dinner was ready in twenty minutes.",positive
"Great value! I've recommended this service to all of my friends.",positive
"The hotel staff upgraded our room for free, such a kind gesture.",positive
"I don't think I can go back to my old laptop after using this one.",positive
"Their pharmacy tech double-checked my prescription and caught a dosage error.",positive
"The meeting starts at nine.",neutral
"The package is scheduled to arrive on Tuesday.",neutral
"The store opens at ten in the morning and closes at eight.",neutral
"Chapter four covers the history of the railway system.",neutral
"The flight departs from gate B12 and boards at 2:30.",neutral
"He registered for the marathon last week.",neutral
"The report contains twelve pages of survey data.",neutral
"Water boils at one hundred degrees Celsius at sea level.",neutral
"The library is closed on the first Monday of each month.",neutral
"She submitted her application through the online portal.",neutral
"The phone has a six point five inch display and weighs one hundred eighty grams.",neutral
"Fifty people attended the community meeting.",neutral
"The recipe calls for two cups of flour and a teaspoon of salt.",neutral
"The train to the airport runs every fifteen minutes.",neutral
"His shift begins at seven in the evening.",neutral
"The invoice lists three items and their serial numbers.",neutral
"The course has eight modules and lasts for twelve weeks.",neutral
"A pedestrian crossing was added near the school last year.",neutral
"The restaurant seats forty guests on the ground floor.",neutral
"The document was uploaded at 4:15 in the afternoon.",neutral
"Their store has locations in three cities across the state.",neutral
"The warranty covers parts for twenty four months.",neutral
"She keeps her savings in a fixed deposit account.",neutral
"The gym opens at five on weekdays.",neutral
"Passengers must show identification at the check-in desk.",neutral
"The update changes the icon colors and the menu layout.",neutral
"The hotel has a pool, a gym, and two conference rooms.",neutral
"Bookings can be changed up to twenty four hours before departure.",neutral
"The survey collected responses from two thousand users.",neutral
"He teaches mathematics at the local community college.",neutral
"The camera on this phone has four lenses and a flash.",neutral
"Delivery usually takes between two and five business days.",neutral
"The podcast releases a new episode every Thursday morning.",neutral
"Seats in the front row cost fifteen dollars each.",neutral
"The project deadline was moved to the fifteenth of next month.",neutral
"This textbook has practice questions at the end of each chapter.",neutral
"The bus route number nine passes by the hospital.",neutral
"Her account was created in March of last year.",neutral
"The firmware version can be checked in the settings menu.",neutral
"Wi-Fi is available in the lobby and the restaurant.",neutral
"The exam lasts two hours and covers units one through five.",neutral
"A single ticket costs eight dollars on weekdays.",neutral
"The gallery displays paintings from the nineteen sixties.",neutral
"You can pay by card, cash, or mobile wallet at the counter.",neutral
"The reception desk is located on the ground floor.",neutral
"Sales data for the quarter is summarized in the attached file.",neutral
"The recipe suggests preheating the oven to one hundred eighty degrees.",neutral
"Two of the hikers stopped at the lake for lunch.",neutral
"The conference will be held in the main auditorium on Friday.",neutral
"He ordered a replacement charger from the manufacturer's website.",neutral
"The app crashes every time I open the settings menu, it's unusable.",negative
"Customer service put me on hold for an hour and then hung up.",negative
"Our meals arrived cold and the order was completely wrong.",negative
"The delivery driver left my package in the rain and it was ruined.",negative
"This laptop overheats constantly and the fan sounds like a jet engine.",negative
"The film was boring, predictable, and far too long.",negative
"I've wasted half the book waiting for something interesting to happen.",negative
"The trainer ignored my injury and pushed me into painful exercises.",negative
"Our hotel room smelled of smoke and the carpet was stained.",negative
"The flight was delayed six hours with no explanation or compensation.",negative
"The online course was poorly organized and the videos would not load.",negative
"The store shipped the wrong item and refuses to pay for return postage.",negative
"The banking app logged me out during a transfer and the payment is stuck.",negative
"I can't believe they renewed my subscription without asking, that's dishonest.",negative
"The restaurant served undercooked chicken and I got sick afterwards.",negative
"You'll waste your money on this product, it broke after two days.",negative
"It's the worst support I've received, nobody answered my emails.",negative
"The stream froze every few minutes and the audio never synced.",negative
"I don't recommend this hotel, the walls are paper thin.",negative
"The gym never cleans the showers and there is mold in the corners.",negative
"This phone's battery dies before noon even with light use.",negative
"The seller never shipped my order and stopped replying to messages.",negative
"The seat was broken, the legroom was tiny, and the food was inedible.",negative
"The course content is outdated and the instructor reads straight from slides.",negative
"My refund has not arrived after three weeks of waiting.",negative
"The package arrived crushed and the screen was cracked out of the box.",negative
"I'm never flying with this airline again, they lost my luggage twice.",negative
"This update ruined the interface, half the buttons have disappeared.",negative
"The hotel charged us for minibar items we never touched.",negative
"No one at the store could answer my questions, they all seemed annoyed.",negative
"The earbuds hurt my ears and the left one stopped working.",negative
"The delivery was an hour late and the food was stone cold.",negative
"This book is riddled with typos and the plot goes nowhere.",negative
"The app spams me with notifications and I can't turn them off.",negative
"Our room was not cleaned for three days despite repeated requests.",negative
"The warranty claim was denied without any reason given.",negative
"The film's ending made no sense and contradicted everything before it.",negative
"I waited forty minutes for a table and the host never apologized.",negative
"This tablet freezes daily and customer support blames my Wi-Fi.",negative
"The airline lost my suitcase and offered only a ten dollar voucher.",negative
"The course promised a certificate but never delivered one.",negative
"Payments won't go through and the error message tells me nothing.",negative
"The mattress was lumpy and I woke up with a sore back.",negative
"Nobody warned me about the hidden fees, so the final bill shocked me.",negative
"The headphones crackle at high volume and the bass is weak.",negative
"I've contacted support five times and the issue still isn't fixed.",negative
"The app deleted my saved data and there is no way to recover it.",negative
"The server crashed during the exam and we lost all our answers.",negative
"You'll regret buying these shoes, mine fell apart within a month.",negative
"It's not worth the price, the material feels cheap and scratches easily.",negative
